<?xml version="1.0" encoding="UTF-8" ?>
<!DOCTYPE mapper PUBLIC "-//mybatis.org//DTD Mapper 3.0//EN"
        "http://mybatis.org/dtd/mybatis-3-mapper.dtd">

<mapper namespace="com.back.miru.model.dao.UserDAO">

    <select id="checkId" parameterType="String" resultType="Int">
        SELECT count(id)
        FROM user
        WHERE id = #{id}
    </select>

    <insert id="registUser" parameterType="Map">
        INSERT INTO user (id, password, email, recommendFlag, salt)
        VALUES (#{id}, sha2(concat(#{password}, #{salt}), 256), #{email}, #{recommendFlag}, #{salt})
    </insert>

    <update id="updateUser" parameterType="Map">
        UPDATE user
        SET password=sha2(concat(#{password}, #{salt}), 256),
        <if test="email != null">
            email=#{email},
        </if>
        <if test="recommendFlag != null">
            recommendFlag=#{recommendFlag},
        </if>
        salt=#{salt}
        WHERE id = #{id}
    </update>

    <delete id="deleteUser" parameterType="String">
        DELETE
        FROM user
        WHERE id = #{id}
    </delete>

    <select id="infoUser" parameterType="String" resultType="User">
        SELECT *
        FROM user
        WHERE id = #{id}
    </select>

    <select id="loginUser" parameterType="map" resultType="User">
        SELECT *
        FROM user
        WHERE id = #{id}
          AND password = sha2(concat(#{password}, (SELECT salt FROM user WHERE id = #{id})), 256)
    </select>

    <select id="checkPasswordFind" parameterType="User" resultType="Int">
        SELECT count(id)
        FROM user
        WHERE id = #{id}
          AND email = #{email}
    </select>

    <update id="updatePassword" parameterType="Map">
        UPDATE user
        SET password=sha2(concat(#{password}, #{salt}), 256),
            salt=#{salt}
        WHERE id = #{id}
    </update>

    <select id="getInterestList" resultType="Interest">
        select *
        from interest
        where id = #{id}
    </select>

    <insert id="registerInterest" parameterType="map">
        insert into interest(id, dongCode, dongName)
        values (#{id}, #{dongcode}, #{dongname})
    </insert>

    <delete id="deleteInterest" parameterType="map">
        delete
        from interest
        where id = #{id}
          and dongCode = #{dongcode}
    </delete>

</mapper>